,Bank Name,City,ST,CERT,Acquiring Institution,Closing Date,Updated Date
0,Washington Federal Bank for Savings,Chicago,IL,30570,Royal Savings Bank,"December 15, 2017","February 1, 2019"
1,The Farmers and Merchants State Bank of Argonia,Argonia,KS,17719,Conway Bank,"October 13, 2017","February 21, 2018"
2,Fayette County Bank,Saint Elmo,IL,1802,"United Fidelity Bank, fsb","May 26, 2017","January 29, 2019"
3,"Guaranty Bank, (d/b/a BestBank in Georgia & Michigan)",Milwaukee,WI,30003,First-Citizens Bank & Trust Company,"May 5, 2017","March 22, 2018"
4,First NBC Bank,New Orleans,LA,58302,Whitney Bank,"April 28, 2017","January 29, 2019"
5,Proficio Bank,Cottonwood Heights,UT,35495,Cache Valley Bank,"March 3, 2017","January 29, 2019"
6,Seaway Bank and Trust Company,Chicago,IL,19328,State Bank of Texas,"January 27, 2017","January 29, 2019"
7,Harvest Community Bank,Pennsville,NJ,34951,First-Citizens Bank & Trust Company,"January 13, 2017","May 18, 2017"
8,Allied Bank,Mulberry,AR,91,Today's Bank,"September 23, 2016","January 29, 2019"
9,The Woodbury Banking Company,Woodbury,GA,11297,United Bank,"August 19, 2016","December 13, 2018"
10,First CornerStone Bank,King of Prussia,PA,35312,First-Citizens Bank & Trust Company,"May 6, 2016","November 13, 2018"
11,Trust Company Bank,Memphis,TN,9956,The Bank of Fayette County,"April 29, 2016","September 14, 2018"
12,North Milwaukee State Bank,Milwaukee,WI,20364,First-Citizens Bank & Trust Company,"March 11, 2016","January 29, 2019"
13,Hometown National Bank,Longview,WA,35156,Twin City Bank,"October 2, 2015","February 19, 2018"
14,The Bank of Georgia,Peachtree City,GA,35259,Fidelity Bank,"October 2, 2015","July 9, 2018"
15,Premier Bank,Denver,CO,34112,"United Fidelity Bank, fsb","July 10, 2015","February 20, 2018"
16,Edgebrook Bank,Chicago,IL,57772,Republic Bank of Chicago,"May 8, 2015","January 29, 2019"
17,Doral Bank  En Espanol,San Juan,PR,32102,Banco Popular de Puerto Rico,"February 27, 2015","January 29, 2019"
18,Capitol City Bank & Trust Company,Atlanta,GA,33938,First-Citizens Bank & Trust Company,"February 13, 2015","January 29, 2019"
19,Highland Community Bank,Chicago,IL,20290,"United Fidelity Bank, fsb","January 23, 2015","November 15, 2017"
20,First National Bank of Crestview,Crestview,FL,17557,First NBC Bank,"January 16, 2015","November 15, 2017"
21,Northern Star Bank,Mankato,MN,34983,BankVista,"December 19, 2014","January 3, 2018"
22,"Frontier Bank, FSB D/B/A El Paseo Bank",Palm Desert,CA,34738,"Bank of Southern California, N.A.","November 7, 2014","November 10, 2016"
23,The National Republic Bank of Chicago,Chicago,IL,916,State Bank of Texas,"October 24, 2014","January 6, 2016"
24,NBRS Financial,Rising Sun,MD,4862,Howard Bank,"October 17, 2014","January 29, 2019"
25,"GreenChoice Bank, fsb",Chicago,IL,28462,"Providence Bank, LLC","July 25, 2014","December 12, 2016"
26,Eastside Commercial Bank,Conyers,GA,58125,Community & Southern Bank,"July 18, 2014","October 6, 2017"
27,The Freedom State Bank,Freedom,OK,12483,Alva State Bank & Trust Company,"June 27, 2014","February 21, 2018"
28,Valley Bank,Fort Lauderdale,FL,21793,"Landmark Bank, National Association","June 20, 2014","January 29, 2019"
29,Valley Bank,Moline,IL,10450,Great Southern Bank,"June 20, 2014","January 29, 2019"
30,Slavie Federal Savings Bank,Bel Air,MD,32368,"Bay Bank, FSB","May 30, 2014","December 12, 2016"
31,Columbia Savings Bank,Cincinnati,OH,32284,"United Fidelity Bank, fsb","May 23, 2014","November 10, 2016"
32,AztecAmerica Bank En Espanol,Berwyn,IL,57866,Republic Bank of Chicago,"May 16, 2014","October 20, 2016"
33,Allendale County Bank,Fairfax,SC,15062,Palmetto State Bank,"April 25, 2014","January 29, 2019"
34,Vantage Point Bank,Horsham,PA,58531,First Choice Bank,"February 28, 2014","January 7, 2018"
35,"Millennium Bank, National Association",Sterling,VA,35096,WashingtonFirst Bank,"February 28, 2014","July 10, 2018"
36,Syringa Bank,Boise,ID,34296,Sunwest Bank,"January 31, 2014","April 12, 2016"
37,The Bank of Union,El Reno,OK,17967,BancFirst,"January 24, 2014","January 29, 2019"
38,DuPage National Bank,West Chicago,IL,5732,Republic Bank of Chicago,"January 17, 2014","October 20, 2016"
39,"Texas Community Bank, National Association",The Woodlands,TX,57431,"Spirit of Texas Bank, SSB","December 13, 2013","February 13, 2018"
40,Bank of Jackson County,Graceville,FL,14794,First Federal Bank of Florida,"October 30, 2013","October 20, 2016"
41,First National Bank also operating as The  National Bank of El Paso En Espanol,Edinburg,TX,14318,PlainsCapital Bank,"September 13, 2013","May 27, 2015"
42,The Community's Bank,Bridgeport,CT,57041,No Acquirer,"September 13, 2013","December 7, 2015"
43,Sunrise Bank of Arizona,Phoenix,AZ,34707,"First Fidelity Bank, National Association","August 23, 2013","May 3, 2017"
44,Community South Bank,Parsons,TN,19849,"CB&S Bank, Inc.","August 23, 2013","January 29, 2019"
45,Bank of Wausau,Wausau,WI,35016,Nicolet National Bank,"August 9, 2013","February 21, 2018"
46,First Community Bank of Southwest Florida (also operating as Community Bank of Cape Coral),Fort Myers,FL,34943,C1 Bank,"August 2, 2013","February 9, 2017"
47,Mountain National Bank,Sevierville,TN,34789,"First Tennessee Bank, National Association","June 7, 2013","February 4, 2016"
48,1st Commerce Bank,North Las Vegas,NV,58358,Plaza Bank,"June 6, 2013","August 8, 2018"
49,Banks of Wisconsin d/b/a Bank of Kenosha,Kenosha,WI,35386,"North Shore Bank, FSB","May 31, 2013","January 29, 2019"
50,Central Arizona Bank,Scottsdale,AZ,34527,Western State Bank,"May 14, 2013","December 7, 2015"
51,Sunrise Bank,Valdosta,GA,58185,Synovus Bank,"May 10, 2013","January 29, 2019"
52,Pisgah Community Bank,Asheville,NC,58701,"Capital Bank, N.A.","May 10, 2013","August 8, 2016"
53,Douglas County Bank,Douglasville,GA,21649,Hamilton State Bank,"April 26, 2013","April 25, 2014"
54,Parkway Bank,Lenoir,NC,57158,"CertusBank, National Association","April 26, 2013","October 6, 2017"
55,Chipola Community Bank,Marianna,FL,58034,First Federal Bank of Florida,"April 19, 2013","September 21, 2015"
56,Heritage Bank of North Florida,Orange Park,FL,26680,FirstAtlantic Bank,"April 19, 2013","January 29, 2019"
57,First Federal Bank,Lexington,KY,29594,Your Community Bank,"April 19, 2013","December 12, 2016"
58,Gold Canyon Bank,Gold Canyon,AZ,58066,"First Scottsdale Bank, National Association","April 5, 2013","October 6, 2017"
59,Frontier Bank,LaGrange,GA,16431,HeritageBank of the South,"March 8, 2013","November 13, 2017"
60,Covenant Bank,Chicago,IL,22476,Liberty Bank and Trust Company,"February 15, 2013","September 21, 2015"
61,1st Regents Bank,Andover,MN,57157,First Minnesota Bank,"January 18, 2013","July 12, 2016"
62,Westside Community Bank,University Place,WA,33997,Sunwest Bank,"January 11, 2013","August 8, 2016"
63,Community Bank of the Ozarks,Sunrise Beach,MO,27331,Bank of Sullivan,"December 14, 2012","January 29, 2019"
64,Hometown Community Bank,Braselton,GA,57928,"CertusBank, National Association","November 16, 2012","October 6, 2017"
65,Citizens First National Bank,Princeton,IL,3731,Heartland Bank and Trust Company,"November 2, 2012","February 13, 2018"
66,Heritage Bank of Florida,Lutz,FL,35009,Centennial Bank,"November 2, 2012","January 29, 2019"
67,NOVA Bank,Berwyn,PA,27148,No Acquirer,"October 26, 2012","January 29, 2019"
68,Excel Bank,Sedalia,MO,19189,Simmons First National Bank,"October 19, 2012","August 7, 2018"
69,First East Side Savings Bank,Tamarac,FL,28144,Stearns Bank N.A.,"October 19, 2012","January 6, 2016"
70,GulfSouth Private Bank,Destin,FL,58073,SmartBank,"October 19, 2012","January 29, 2019"
71,First United Bank,Crete,IL,20685,"Old Plank Trail Community Bank, National Association","September 28, 2012","October 12, 2018"
72,Truman Bank,St. Louis,MO,27316,Simmons First National Bank,"September 14, 2012","December 11, 2018"
73,First Commercial Bank,Bloomington,MN,35246,Republic Bank & Trust Company,"September 7, 2012","July 10, 2018"
74,Waukegan Savings Bank,Waukegan,IL,28243,First Midwest Bank,"August 3, 2012","December 7, 2015"
75,Jasper Banking Company,Jasper,GA,16240,Stearns Bank N.A.,"July 27, 2012","January 29, 2019"
76,Second Federal Savings and Loan Association of Chicago,Chicago,IL,27986,Hinsdale Bank & Trust Company,"July 20, 2012","January 3, 2018"
77,Heartland Bank,Leawood,KS,1361,Metcalf Bank,"July 20, 2012","January 29, 2019"
78,First Cherokee State Bank,Woodstock,GA,32711,Community & Southern Bank,"July 20, 2012","October 6, 2017"
79,Georgia Trust Bank,Buford,GA,57847,Community & Southern Bank,"July 20, 2012","February 6, 2019"
80,The Royal Palm Bank of Florida,Naples,FL,57096,First National Bank of the Gulf Coast,"July 20, 2012","March 21, 2014"
81,Glasgow Savings Bank,Glasgow,MO,1056,Regional Missouri Bank,"July 13, 2012","August 19, 2014"
82,Montgomery Bank & Trust,Ailey,GA,19498,Ameris Bank,"July 6, 2012","January 29, 2019"
83,The Farmers Bank of Lynchburg,Lynchburg,TN,1690,Clayton Bank and Trust,"June 15, 2012","August 8, 2016"
84,Security Exchange Bank,Marietta,GA,35299,Fidelity Bank,"June 15, 2012","November 26, 2018"
85,Putnam State Bank,Palatka,FL,27405,Harbor Community Bank,"June 15, 2012","February 13, 2018"
86,Waccamaw Bank,Whiteville,NC,34515,First Community Bank,"June 8, 2012","January 29, 2019"
87,Farmers' and Traders' State Bank,Shabbona,IL,9257,First State Bank,"June 8, 2012","January 29, 2019"
88,Carolina Federal Savings Bank,Charleston,SC,35372,Bank of North Carolina,"June 8, 2012","January 29, 2019"
89,First Capital Bank,Kingfisher,OK,416,F & M Bank,"June 8, 2012","February 5, 2015"
90,"Alabama Trust Bank, National Association",Sylacauga,AL,35224,Southern States Bank,"May 18, 2012","September 21, 2015"
91,"Security Bank, National Association",North Lauderdale,FL,23156,Banesco USA,"May 4, 2012","April 12, 2016"
92,Palm Desert National Bank,Palm Desert,CA,23632,Pacific Premier Bank,"April 27, 2012","December 7, 2015"
93,Plantation Federal Bank,Pawleys Island,SC,32503,First Federal Bank,"April 27, 2012","November 10, 2016"
94,"Inter Savings Bank, fsb D/B/A InterBank, fsb",Maple Grove,MN,31495,Great Southern Bank,"April 27, 2012","December 10, 2018"
95,HarVest Bank of Maryland,Gaithersburg,MD,57766,Sonabank,"April 27, 2012","September 21, 2015"
96,Bank of the Eastern Shore,Cambridge,MD,26759,No Acquirer,"April 27, 2012","January 29, 2019"
97,"Fort Lee Federal Savings Bank, FSB",Fort Lee,NJ,35527,Alma Bank,"April 20, 2012","January 29, 2019"
98,Fidelity Bank,Dearborn,MI,33883,The Huntington National Bank,"March 30, 2012","July 10, 2018"
99,Premier Bank,Wilmette,IL,35419,International Bank of Chicago,"March 23, 2012","January 29, 2019"
100,Covenant Bank & Trust,Rock Spring,GA,58068,"Stearns Bank, N.A.","March 23, 2012","January 29, 2019"
101,New City Bank,Chicago,IL,57597,No Acquirer,"March 9, 2012","January 29, 2019"
102,Global Commerce Bank,Doraville,GA,34046,Metro City Bank,"March 2, 2012","January 29, 2019"
103,Home Savings of America,Little Falls,MN,29178,No Acquirer,"February 24, 2012","January 29, 2019"
104,Central Bank of Georgia,Ellaville,GA,5687,Ameris Bank,"February 24, 2012","January 29, 2019"
105,SCB Bank,Shelbyville,IN,29761,"First Merchants Bank, National Association","February 10, 2012","January 29, 2019"
106,Charter National Bank and Trust,Hoffman Estates,IL,23187,"Barrington Bank & Trust Company, National Association","February 10, 2012","April 9, 2019"
107,BankEast,Knoxville,TN,19869,"U.S. Bank, N.A.","January 27, 2012","December 7, 2015"
108,Patriot Bank Minnesota,Forest Lake,MN,34823,First Resource Bank,"January 27, 2012","November 13, 2017"
109,Tennessee Commerce Bank,Franklin,TN,35296,Republic Bank & Trust Company,"January 27, 2012","January 29, 2019"
110,First Guaranty Bank and Trust Company of Jacksonville,Jacksonville,FL,16579,"CenterState Bank of Florida, N.A.","January 27, 2012","July 11, 2016"
111,American Eagle Savings Bank,Boothwyn,PA,31581,"Capital Bank, N.A.","January 20, 2012","February 21, 2018"
112,The First State Bank,Stockbridge,GA,19252,Hamilton State Bank,"January 20, 2012","January 29, 2019"
113,Central Florida State Bank,Belleview,FL,57186,"CenterState Bank of Florida, N.A.","January 20, 2012","June 6, 2016"
114,Western National Bank,Phoenix,AZ,57917,Washington Federal,"December 16, 2011","February 5, 2015"
115,Premier Community Bank of the Emerald Coast,Crestview,FL,58343,Summit Bank,"December 16, 2011","February 19, 2018"
116,Central Progressive Bank,Lacombe,LA,19657,First NBC Bank,"November 18, 2011","February 5, 2015"
117,Polk County Bank,Johnston,IA,14194,Grinnell State Bank,"November 18, 2011","August 15, 2012"
118,Community Bank of Rockmart,Rockmart,GA,57860,Century Bank of Georgia,"November 10, 2011","January 29, 2019"
119,SunFirst Bank,Saint George,UT,57087,Cache Valley Bank,"November 4, 2011","August 9, 2017"
120,"Mid City Bank, Inc.",Omaha,NE,19397,Premier Bank,"November 4, 2011","April 16, 2018"
121,All American Bank,Des Plaines,IL,57759,International Bank of Chicago,"October 28, 2011","February 21, 2018"
122,Community Banks of Colorado,Greenwood Village,CO,21132,"Bank Midwest, N.A.","October 21, 2011","January 29, 2019"
123,Community Capital Bank,Jonesboro,GA,57036,State Bank and Trust Company,"October 21, 2011","January 6, 2016"
124,Decatur First Bank,Decatur,GA,34392,Fidelity Bank,"October 21, 2011","March 21, 2014"
125,Old Harbor Bank,Clearwater,FL,57537,1st United Bank,"October 21, 2011","January 29, 2019"
126,Country Bank,Aledo,IL,35395,Blackhawk Bank & Trust,"October 14, 2011","January 29, 2019"
127,First State Bank,Cranford,NJ,58046,Northfield Bank,"October 14, 2011","October 23, 2017"
128,"Blue Ridge Savings Bank, Inc.",Asheville,NC,32347,Bank of North Carolina,"October 14, 2011","October 11, 2018"
129,Piedmont Community Bank,Gray,GA,57256,State Bank and Trust Company,"October 14, 2011","March 21, 2014"
130,Sun Security Bank,Ellington,MO,20115,Great Southern Bank,"October 7, 2011","May 8, 2017"
131,The RiverBank,Wyoming,MN,10216,Central Bank,"October 7, 2011","May 9, 2018"
132,First International Bank,Plano,TX,33513,American First National Bank,"September 30, 2011","February 5, 2015"
133,Citizens Bank of Northern California,Nevada City,CA,33983,Tri Counties Bank,"September 23, 2011","January 7, 2018"
134,Bank of the Commonwealth,Norfolk,VA,20408,Southern Bank and Trust Company,"September 23, 2011","January 29, 2019"
135,The First National Bank of Florida,Milton,FL,25155,CharterBank,"September 9, 2011","March 21, 2014"
136,CreekSide Bank,Woodstock,GA,58226,Georgia Commerce Bank,"September 2, 2011","June 23, 2017"
137,Patriot Bank of Georgia,Cumming,GA,58273,Georgia Commerce Bank,"September 2, 2011","June 28, 2017"
138,First Choice Bank,Geneva,IL,57212,Inland Bank & Trust,"August 19, 2011","February 5, 2015"
139,First Southern National Bank,Statesboro,GA,57239,Heritage Bank of the South,"August 19, 2011","February 19, 2018"
140,Lydian Private Bank,Palm Beach,FL,35356,"Sabadell United Bank, N.A.","August 19, 2011","January 29, 2019"
141,Public Savings Bank,Huntingdon Valley,PA,34130,"Capital Bank, N.A.","August 18, 2011","February 12, 2018"
142,The First National Bank of Olathe,Olathe,KS,4744,Enterprise Bank & Trust,"August 12, 2011","June 8, 2018"
143,Bank of Whitman,Colfax,WA,22528,Columbia State Bank,"August 5, 2011","January 29, 2019"
144,Bank of Shorewood,Shorewood,IL,22637,Heartland Bank and Trust Company,"August 5, 2011","October 20, 2016"
145,Integra Bank National Association,Evansville,IN,4392,Old National Bank,"July 29, 2011","August 16, 2012"
146,"BankMeridian, N.A.",Columbia,SC,58222,SCBT National Association,"July 29, 2011","January 29, 2019"
147,Virginia Business Bank,Richmond,VA,58283,Xenith Bank,"July 29, 2011","October 9, 2012"
148,Bank of Choice,Greeley,CO,2994,"Bank Midwest, N.A.","July 22, 2011","January 29, 2019"
149,LandMark Bank of Florida,Sarasota,FL,35244,American Momentum Bank,"July 22, 2011","March 21, 2014"
150,Southshore Community Bank,Apollo Beach,FL,58056,American Momentum Bank,"July 22, 2011","February 5, 2015"
151,Summit Bank,Prescott,AZ,57442,The Foothills Bank,"July 15, 2011","August 19, 2014"
152,First Peoples Bank,Port St. Lucie,FL,34870,"Premier American Bank, N.A.","July 15, 2011","July 12, 2016"
153,High Trust Bank,Stockbridge,GA,19554,Ameris Bank,"July 15, 2011","January 29, 2019"
154,One Georgia Bank,Atlanta,GA,58238,Ameris Bank,"July 15, 2011","January 29, 2019"
155,Signature Bank,Windsor,CO,57835,Points West Community Bank,"July 8, 2011","October 26, 2012"
156,Colorado Capital Bank,Castle Rock,CO,34522,First-Citizens Bank & Trust Company,"July 8, 2011","November 10, 2016"
157,First Chicago Bank & Trust,Chicago,IL,27935,Northbrook Bank & Trust Company,"July 8, 2011","January 29, 2019"
158,Mountain Heritage Bank,Clayton,GA,57593,First American Bank and Trust Company,"June 24, 2011","February 9, 2017"
159,First Commercial Bank of Tampa Bay,Tampa,FL,27583,Stonegate Bank,"June 17, 2011","September 12, 2016"
160,McIntosh State Bank,Jackson,GA,19237,Hamilton State Bank,"June 17, 2011","January 29, 2019"
161,Atlantic Bank and Trust,Charleston,SC,58420,"First Citizens Bank and Trust Company, Inc.","June 3, 2011","January 29, 2019"
162,First Heritage Bank,Snohomish,WA,23626,Columbia State Bank,"May 27, 2011","October 23, 2017"
163,Summit Bank,Burlington,WA,513,Columbia State Bank,"May 20, 2011","October 23, 2017"
164,First Georgia Banking Company,Franklin,GA,57647,"CertusBank, National Association","May 20, 2011","January 29, 2019"
165,Atlantic Southern Bank,Macon,GA,57213,"CertusBank, National Association","May 20, 2011","January 29, 2019"
166,Coastal Bank,Cocoa Beach,FL,34898,"Florida Community Bank, a division of Premier American Bank, N.A.","May 6, 2011","September 21, 2015"
167,Community Central Bank,Mount Clemens,MI,34234,Talmer Bank & Trust,"April 29, 2011","February 20, 2018"
168,The Park Avenue Bank,Valdosta,GA,19797,Bank of the Ozarks,"April 29, 2011","January 29, 2019"
169,First Choice Community Bank,Dallas,GA,58539,Bank of the Ozarks,"April 29, 2011","September 21, 2015"
170,Cortez Community Bank,Brooksville,FL,57625,"Florida Community Bank, a division of Premier American Bank, N.A.","April 29, 2011","August 8, 2016"
171,First National Bank of Central Florida,Winter Park,FL,26297,"Florida Community Bank, a division of Premier American Bank, N.A.","April 29, 2011","May 4, 2016"
172,Heritage Banking Group,Carthage,MS,14273,Trustmark National Bank,"April 15, 2011","January 29, 2019"
173,Rosemount National Bank,Rosemount,MN,24099,Central Bank,"April 15, 2011","December 7, 2015"
174,Superior Bank,Birmingham,AL,17750,"Superior Bank, National Association","April 15, 2011","January 29, 2019"
175,Nexity Bank,Birmingham,AL,19794,AloStar Bank of Commerce,"April 15, 2011","January 29, 2019"
176,New Horizons Bank,East Ellijay,GA,57705,Citizens South Bank,"April 15, 2011","November 13, 2017"
177,Bartow County Bank,Cartersville,GA,21495,Hamilton State Bank,"April 15, 2011","January 29, 2019"
178,Nevada Commerce Bank,Las Vegas,NV,35418,City National Bank,"April 8, 2011","January 29, 2019"
179,Western Springs National Bank and Trust,Western Springs,IL,10086,Heartland Bank and Trust Company,"April 8, 2011","April 17, 2018"
180,The Bank of Commerce,Wood Dale,IL,34292,Advantage National Bank Group,"March 25, 2011","April 13, 2018"
181,Legacy Bank,Milwaukee,WI,34818,Seaway Bank and Trust Company,"March 11, 2011","January 29, 2019"
182,First National Bank of Davis,Davis,OK,4077,The Pauls Valley National Bank,"March 11, 2011","January 29, 2019"
183,Valley Community Bank,St. Charles,IL,34187,First State Bank,"February 25, 2011","February 5, 2015"
184,"San Luis Trust Bank, FSB",San Luis Obispo,CA,34783,First California Bank,"February 18, 2011","September 12, 2016"
185,Charter Oak Bank,Napa,CA,57855,Bank of Marin,"February 18, 2011","January 29, 2019"
186,Citizens Bank of Effingham,Springfield,GA,34601,Heritage Bank of the South,"February 18, 2011","May 10, 2018"
187,Habersham Bank,Clarkesville,GA,151,SCBT National Association,"February 18, 2011","January 29, 2019"
188,Canyon National Bank,Palm Springs,CA,34692,Pacific Premier Bank,"February 11, 2011","August 19, 2014"
189,Badger State Bank,Cassville,WI,13272,Royal Bank,"February 11, 2011","September 12, 2012"
190,Peoples State Bank,Hamtramck,MI,14939,First Michigan Bank,"February 11, 2011","February 20, 2018"
191,Sunshine State Community Bank,Port Orange,FL,35478,"Premier American Bank, N.A.","February 11, 2011","August 8, 2016"
192,Community First Bank Chicago,Chicago,IL,57948,Northbrook Bank & Trust Company,"February 4, 2011","April 13, 2018"
193,North Georgia Bank,Watkinsville,GA,35242,BankSouth,"February 4, 2011","September 19, 2017"
194,American Trust Bank,Roswell,GA,57432,Renasant Bank,"February 4, 2011","January 29, 2019"
195,First Community Bank,Taos,NM,12261,"U.S. Bank, N.A.","January 28, 2011","January 29, 2019"
196,FirsTier Bank,Louisville,CO,57646,No Acquirer,"January 28, 2011","January 29, 2019"
197,Evergreen State Bank,Stoughton,WI,5328,McFarland State Bank,"January 28, 2011","January 29, 2019"
198,The First State Bank,Camargo,OK,2303,Bank 7,"January 28, 2011","November 13, 2017"
199,United Western Bank,Denver,CO,31293,First-Citizens Bank & Trust Company,"January 21, 2011","January 29, 2019"
200,The Bank of Asheville,Asheville,NC,34516,First Bank,"January 21, 2011","January 29, 2019"
201,CommunitySouth Bank & Trust,Easley,SC,57868,"CertusBank, National Association","January 21, 2011","June 6, 2016"
202,Enterprise Banking Company,McDonough,GA,19758,No Acquirer,"January 21, 2011","January 29, 2019"
203,Oglethorpe Bank,Brunswick,GA,57440,Bank of the Ozarks,"January 14, 2011","November 13, 2017"
204,Legacy Bank,Scottsdale,AZ,57820,Enterprise Bank & Trust,"January 7, 2011","April 12, 2016"
205,First Commercial Bank of Florida,Orlando,FL,34965,First Southern Bank,"January 7, 2011","June 6, 2016"
206,Community National Bank,Lino Lakes,MN,23306,Farmers & Merchants Savings Bank,"December 17, 2010","November 10, 2016"
207,First Southern Bank,Batesville,AR,58052,Southern Bank,"December 17, 2010","January 29, 2019"
208,"United Americas Bank, N.A.",Atlanta,GA,35065,State Bank and Trust Company,"December 17, 2010","October 17, 2015"
209,"Appalachian Community Bank, FSB",McCaysville,GA,58495,Peoples Bank of East Tennessee,"December 17, 2010","January 29, 2019"
210,Chestatee State Bank,Dawsonville,GA,34578,Bank of the Ozarks,"December 17, 2010","September 21, 2015"
211,"The Bank of Miami,N.A.",Coral Gables,FL,19040,1st United Bank,"December 17, 2010","January 29, 2019"
212,Earthstar Bank,Southampton,PA,35561,Polonia Bank,"December 10, 2010","January 29, 2019"
213,Paramount Bank,Farmington Hills,MI,34673,Level One Bank,"December 10, 2010","September 21, 2015"
214,First Banking Center,Burlington,WI,5287,First Michigan Bank,"November 19, 2010","January 29, 2019"
215,Allegiance Bank of North America,Bala Cynwyd,PA,35078,VIST Bank,"November 19, 2010","July 26, 2017"
216,Gulf State Community Bank,Carrabelle,FL,20340,Centennial Bank,"November 19, 2010","December 12, 2016"
217,Copper Star Bank,Scottsdale,AZ,35463,"Stearns Bank, N.A.","November 12, 2010","January 29, 2019"
218,Darby Bank & Trust Co.,Vidalia,GA,14580,Ameris Bank,"November 12, 2010","January 29, 2019"
219,Tifton Banking Company,Tifton,GA,57831,Ameris Bank,"November 12, 2010","January 29, 2019"
220,First Vietnamese American Bank  In Vietnamese,Westminster,CA,57885,Grandpoint Bank,"November 5, 2010","January 29, 2019"
221,Pierce Commercial Bank,Tacoma,WA,34411,Heritage Bank,"November 5, 2010","October 19, 2015"
222,Western Commercial Bank,Woodland Hills,CA,58087,First California Bank,"November 5, 2010","September 12, 2016"
223,K Bank,Randallstown,MD,31263,Manufacturers and Traders Trust Company (M&T Bank),"November 5, 2010","January 29, 2019"
224,"First Arizona Savings, A FSB",Scottsdale,AZ,32582,No Acquirer,"October 22, 2010","January 29, 2019"
225,Hillcrest Bank,Overland Park,KS,22173,"Hillcrest Bank, N.A.","October 22, 2010","January 29, 2019"
226,First Suburban National Bank,Maywood,IL,16089,Seaway Bank and Trust Company,"October 22, 2010","February 21, 2018"
227,The First National Bank of Barnesville,Barnesville,GA,2119,United Bank,"October 22, 2010","October 17, 2015"
228,The Gordon Bank,Gordon,GA,33904,Morris Bank,"October 22, 2010","January 29, 2019"
229,Progress Bank of Florida,Tampa,FL,32251,Bay Cities Bank,"October 22, 2010","February 4, 2016"
230,First Bank of Jacksonville,Jacksonville,FL,27573,Ameris Bank,"October 22, 2010","January 29, 2019"
231,Premier Bank,Jefferson City,MO,34016,Providence Bank,"October 15, 2010","January 29, 2019"
232,WestBridge Bank and Trust Company,Chesterfield,MO,58205,Midland States Bank,"October 15, 2010","February 9, 2017"
233,"Security Savings Bank, F.S.B.",Olathe,KS,30898,Simmons First National Bank,"October 15, 2010","January 29, 2019"
234,Shoreline Bank,Shoreline,WA,35250,GBC International Bank,"October 1, 2010","January 29, 2019"
235,Wakulla Bank,Crawfordville,FL,21777,Centennial Bank,"October 1, 2010","January 29, 2019"
236,North County Bank,Arlington,WA,35053,Whidbey Island Bank,"September 24, 2010","October 6, 2017"
237,Haven Trust Bank Florida,Ponte Vedra Beach,FL,58308,First Southern Bank,"September 24, 2010","July 11, 2016"
238,Maritime Savings Bank,West Allis,WI,28612,"North Shore Bank, FSB","September 17, 2010","January 29, 2019"
239,Bramble Savings Bank,Milford,OH,27808,Foundation Bank,"September 17, 2010","August 20, 2012"
240,The Peoples Bank,Winder,GA,182,Community & Southern Bank,"September 17, 2010","October 6, 2017"
241,First Commerce Community Bank,Douglasville,GA,57448,Community & Southern Bank,"September 17, 2010","October 6, 2017"
242,Bank of Ellijay,Ellijay,GA,58197,Community & Southern Bank,"September 17, 2010","October 6, 2017"
243,ISN Bank,Cherry Hill,NJ,57107,Customers Bank,"September 17, 2010","June 28, 2017"
244,Horizon Bank,Bradenton,FL,35061,Bank of the Ozarks,"September 10, 2010","February 13, 2018"
245,Sonoma Valley Bank,Sonoma,CA,27259,Westamerica Bank,"August 20, 2010","August 8, 2018"
246,Los Padres Bank,Solvang,CA,32165,Pacific Western Bank,"August 20, 2010","January 29, 2019"
247,Butte Community Bank,Chico,CA,33219,"Rabobank, N.A.","August 20, 2010","January 29, 2019"
248,Pacific State Bank,Stockton,CA,27090,"Rabobank, N.A.","August 20, 2010","January 29, 2019"
249,ShoreBank,Chicago,IL,15640,Urban Partnership Bank,"August 20, 2010","January 29, 2019"
250,Imperial Savings and Loan Association,Martinsville,VA,31623,"River Community Bank, N.A.","August 20, 2010","January 29, 2019"
251,Independent National Bank,Ocala,FL,27344,"CenterState Bank of Florida, N.A.","August 20, 2010","October 20, 2016"
252,Community National Bank at Bartow,Bartow,FL,25266,"CenterState Bank of Florida, N.A.","August 20, 2010","July 11, 2016"
253,Palos Bank and Trust Company,Palos Heights,IL,17599,First Midwest Bank,"August 13, 2010","January 29, 2019"
254,Ravenswood Bank,Chicago,IL,34231,Northbrook Bank & Trust Company,"August 6, 2010","January 29, 2019"
255,LibertyBank,Eugene,OR,31964,Home Federal Bank,"July 30, 2010","January 29, 2019"
256,The Cowlitz Bank,Longview,WA,22643,Heritage Bank,"July 30, 2010","January 29, 2019"
257,Coastal Community Bank,Panama City Beach,FL,9619,Centennial Bank,"July 30, 2010","February 9, 2017"
258,Bayside Savings Bank,Port Saint Joe,FL,57669,Centennial Bank,"July 30, 2010","December 12, 2016"
259,Northwest Bank & Trust,Acworth,GA,57658,State Bank and Trust Company,"July 30, 2010","September 21, 2015"
260,Home Valley Bank,Cave Junction,OR,23181,South Valley Bank & Trust,"July 23, 2010","September 10, 2018"
261,SouthwestUSA Bank,Las Vegas,NV,35434,Plaza Bank,"July 23, 2010","January 31, 2019"
262,Community Security Bank,New Prague,MN,34486,Roundbank,"July 23, 2010","February 4, 2016"
263,Thunder Bank,Sylvan Grove,KS,10506,The Bennington State Bank,"July 23, 2010","September 13, 2012"
264,Williamsburg First National Bank,Kingstree,SC,17837,"First Citizens Bank and Trust Company, Inc.","July 23, 2010","October 20, 2016"
265,Crescent Bank and Trust Company,Jasper,GA,27559,Renasant Bank,"July 23, 2010","January 29, 2019"
266,Sterling Bank,Lantana,FL,32536,IBERIABANK,"July 23, 2010","February 22, 2018"
267,"Mainstreet Savings Bank, FSB",Hastings,MI,28136,Commercial Bank,"July 16, 2010","February 21, 2018"
268,Olde Cypress Community Bank,Clewiston,FL,28864,"CenterState Bank of Florida, N.A.","July 16, 2010","July 11, 2016"
269,Turnberry Bank,Aventura,FL,32280,NAFH National Bank,"July 16, 2010","September 12, 2016"
270,Metro Bank of Dade County,Miami,FL,25172,NAFH National Bank,"July 16, 2010","August 8, 2016"
271,First National Bank of the South,Spartanburg,SC,35383,NAFH National Bank,"July 16, 2010","January 31, 2019"
272,Woodlands Bank,Bluffton,SC,32571,Bank of the Ozarks,"July 16, 2010","September 21, 2015"
273,Home National Bank,Blackwell,OK,11636,RCB Bank,"July 9, 2010","December 12, 2016"
274,USA Bank,Port Chester,NY,58072,New Century Bank,"July 9, 2010","January 31, 2019"
275,Ideal Federal Savings Bank,Baltimore,MD,32456,No Acquirer,"July 9, 2010","January 31, 2019"
276,Bay National Bank,Baltimore,MD,35462,"Bay Bank, FSB","July 9, 2010","January 15, 2013"
277,High Desert State Bank,Albuquerque,NM,35279,First American Bank,"June 25, 2010","June 8, 2018"
278,First National Bank,Savannah,GA,34152,"The Savannah Bank, N.A.","June 25, 2010","January 31, 2019"
279,Peninsula Bank,Englewood,FL,26563,"Premier American Bank, N.A.","June 25, 2010","May 11, 2018"
280,Nevada Security Bank,Reno,NV,57110,Umpqua Bank,"June 18, 2010","August 23, 2012"
281,Washington First International Bank,Seattle,WA,32955,East West Bank,"June 11, 2010","February 22, 2018"
282,TierOne Bank,Lincoln,NE,29341,Great Western Bank,"June 4, 2010","January 31, 2019"
283,Arcola Homestead Savings Bank,Arcola,IL,31813,No Acquirer,"June 4, 2010","January 31, 2019"
284,First National Bank,Rosedale,MS,15814,The Jefferson Bank,"June 4, 2010","February 20, 2018"
285,Sun West Bank,Las Vegas,NV,34785,City National Bank,"May 28, 2010","January 31, 2019"
286,"Granite Community Bank, NA",Granite Bay,CA,57315,Tri Counties Bank,"May 28, 2010","September 7, 2017"
287,Bank of Florida - Tampa,Tampa,FL,57814,EverBank,"May 28, 2010","August 8, 2016"
288,Bank of Florida - Southwest,Naples,FL,35106,EverBank,"May 28, 2010","August 8, 2016"
289,Bank of Florida - Southeast,Fort Lauderdale,FL,57360,EverBank,"May 28, 2010","August 8, 2016"
290,Pinehurst Bank,Saint Paul,MN,57735,Coulee Bank,"May 21, 2010","October 26, 2012"
291,Midwest Bank and Trust Company,Elmwood Park,IL,18117,"FirstMerit Bank, N.A.","May 14, 2010","January 31, 2019"
292,Southwest Community Bank,Springfield,MO,34255,Simmons First National Bank,"May 14, 2010","February 4, 2016"
293,New Liberty Bank,Plymouth,MI,35586,Bank of Ann Arbor,"May 14, 2010","January 31, 2019"
294,Satilla Community Bank,Saint Marys,GA,35114,Ameris Bank,"May 14, 2010","January 31, 2019"
295,1st Pacific Bank of California,San Diego,CA,35517,City National Bank,"May 7, 2010","January 31, 2019"
296,Towne Bank of Arizona,Mesa,AZ,57697,Commerce Bank of Arizona,"May 7, 2010","January 31, 2019"
297,Access Bank,Champlin,MN,16476,PrinsBank,"May 7, 2010","February 5, 2015"
298,The Bank of Bonifay,Bonifay,FL,14246,First Federal Bank of Florida,"May 7, 2010","January 31, 2019"
299,Frontier Bank,Everett,WA,22710,"Union Bank, N.A.","April 30, 2010","January 31, 2019"
300,BC National Banks,Butler,MO,17792,Community First Bank,"April 30, 2010","August 7, 2018"
301,Champion Bank,Creve Coeur,MO,58362,BankLiberty,"April 30, 2010","June 6, 2016"
302,CF Bancorp,Port Huron,MI,30005,First Michigan Bank,"April 30, 2010","January 31, 2019"
303,Westernbank Puerto Rico  En Espanol,Mayaguez,PR,31027,Banco Popular de Puerto Rico,"April 30, 2010","January 31, 2019"
304,R-G Premier Bank of Puerto Rico  En Espanol,Hato Rey,PR,32185,Scotiabank de Puerto Rico,"April 30, 2010","January 31, 2019"
305,Eurobank  En Espanol,San Juan,PR,27150,Oriental Bank and Trust,"April 30, 2010","January 31, 2019"
306,Wheatland Bank,Naperville,IL,58429,Wheaton Bank & Trust,"April 23, 2010","January 31, 2019"
307,Peotone Bank and Trust Company,Peotone,IL,10888,First Midwest Bank,"April 23, 2010","January 31, 2019"
308,Lincoln Park Savings Bank,Chicago,IL,30600,Northbrook Bank & Trust Company,"April 23, 2010","January 31, 2019"
309,New Century Bank,Chicago,IL,34821,"MB Financial Bank, N.A.","April 23, 2010","January 31, 2019"
310,Citizens Bank and Trust Company of Chicago,Chicago,IL,34658,Republic Bank of Chicago,"April 23, 2010","January 31, 2019"
311,Broadway Bank,Chicago,IL,22853,"MB Financial Bank, N.A.","April 23, 2010","January 31, 2019"
312,"Amcore Bank, National Association",Rockford,IL,3735,Harris N.A.,"April 23, 2010","January 31, 2019"
313,City Bank,Lynnwood,WA,21521,Whidbey Island Bank,"April 16, 2010","January 31, 2019"
314,Tamalpais Bank,San Rafael,CA,33493,"Union Bank, N.A.","April 16, 2010","January 31, 2019"
315,Innovative Bank,Oakland,CA,23876,Center Bank,"April 16, 2010","January 31, 2019"
316,Butler Bank,Lowell,MA,26619,People's United Bank,"April 16, 2010","January 31, 2019"
317,Riverside National Bank of Florida,Fort Pierce,FL,24067,"TD Bank, N.A.","April 16, 2010","January 31, 2019"
318,AmericanFirst Bank,Clermont,FL,57724,"TD Bank, N.A.","April 16, 2010","January 31, 2019"
319,First Federal Bank of North Florida,Palatka,FL,28886,"TD Bank, N.A.","April 16, 2010","January 31, 2019"
320,Lakeside Community Bank,Sterling Heights,MI,34878,No Acquirer,"April 16, 2010","January 31, 2019"
321,Beach First National Bank,Myrtle Beach,SC,34242,Bank of North Carolina,"April 9, 2010","February 13, 2018"
322,Desert Hills Bank,Phoenix,AZ,57060,New York Community Bank,"March 26, 2010","January 31, 2019"
323,Unity National Bank,Cartersville,GA,34678,Bank of the Ozarks,"March 26, 2010","September 21, 2015"
324,Key West Bank,Key West,FL,34684,Centennial Bank,"March 26, 2010","February 9, 2017"
325,McIntosh Commercial Bank,Carrollton,GA,57399,CharterBank,"March 26, 2010","July 11, 2016"
326,State Bank of Aurora,Aurora,MN,8221,Northern State Bank,"March 19, 2010","August 8, 2016"
327,First Lowndes Bank,Fort Deposit,AL,24957,First Citizens Bank,"March 19, 2010","March 21, 2014"
328,Bank of Hiawassee,Hiawassee,GA,10054,Citizens South Bank,"March 19, 2010","January 31, 2019"
329,Appalachian Community Bank,Ellijay,GA,33989,Community & Southern Bank,"March 19, 2010","January 31, 2019"
330,Advanta Bank Corp.,Draper,UT,33535,No Acquirer,"March 19, 2010","January 31, 2019"
331,Century Security Bank,Duluth,GA,58104,Bank of Upson,"March 19, 2010","January 31, 2019"
332,American National Bank,Parma,OH,18806,The National Bank and Trust Company,"March 19, 2010","September 21, 2015"
333,Statewide Bank,Covington,LA,29561,Home Bank,"March 12, 2010","January 31, 2019"
334,Old Southern Bank,Orlando,FL,58182,Centennial Bank,"March 12, 2010","February 9, 2017"
335,The Park Avenue Bank,New York,NY,27096,Valley National Bank,"March 12, 2010","January 31, 2019"
336,LibertyPointe Bank,New York,NY,58071,Valley National Bank,"March 11, 2010","January 31, 2019"
337,Centennial Bank,Ogden,UT,34430,No Acquirer,"March 5, 2010","January 31, 2019"
338,Waterfield Bank,Germantown,MD,34976,No Acquirer,"March 5, 2010","January 31, 2019"
339,Bank of Illinois,Normal,IL,9268,Heartland Bank and Trust Company,"March 5, 2010","January 31, 2019"
340,Sun American Bank,Boca Raton,FL,27126,First-Citizens Bank & Trust Company,"March 5, 2010","January 31, 2019"
341,Rainier Pacific Bank,Tacoma,WA,38129,Umpqua Bank,"February 26, 2010","June 7, 2018"
342,Carson River Community Bank,Carson City,NV,58352,Heritage Bank of Nevada,"February 26, 2010","January 31, 2019"
343,"La Jolla Bank, FSB",La Jolla,CA,32423,"OneWest Bank, FSB","February 19, 2010","January 31, 2019"
344,George Washington Savings Bank,Orland Park,IL,29952,"FirstMerit Bank, N.A.","February 19, 2010","January 31, 2019"
345,The La Coste National Bank,La Coste,TX,3287,Community National Bank,"February 19, 2010","August 19, 2014"
346,Marco Community Bank,Marco Island,FL,57586,Mutual of Omaha Bank,"February 19, 2010","July 20, 2017"
347,1st American State Bank of Minnesota,Hancock,MN,15448,"Community Development Bank, FSB","February 5, 2010","November 1, 2013"
348,American Marine Bank,Bainbridge Island,WA,16730,Columbia State Bank,"January 29, 2010","February 22, 2018"
349,First Regional Bank,Los Angeles,CA,23011,First-Citizens Bank & Trust Company,"January 29, 2010","January 31, 2019"
350,Community Bank and Trust,Cornelia,GA,5702,SCBT National Association,"January 29, 2010","January 31, 2019"
351,"Marshall Bank, N.A.",Hallock,MN,16133,United Valley Bank,"January 29, 2010","February 1, 2019"
352,Florida Community Bank,Immokalee,FL,5672,"Premier American Bank, N.A.","January 29, 2010","January 31, 2019"
353,First National Bank of Georgia,Carrollton,GA,16480,Community & Southern Bank,"January 29, 2010","February 22, 2018"
354,Columbia River Bank,The Dalles,OR,22469,Columbia State Bank,"January 22, 2010","May 10, 2018"
355,Evergreen Bank,Seattle,WA,20501,Umpqua Bank,"January 22, 2010","July 12, 2018"
356,Charter Bank,Santa Fe,NM,32498,Charter Bank,"January 22, 2010","February 1, 2019"
357,Bank of Leeton,Leeton,MO,8265,"Sunflower Bank, N.A.","January 22, 2010","February 1, 2019"
358,Premier American Bank,Miami,FL,57147,"Premier American Bank, N.A.","January 22, 2010","September 21, 2015"
359,Barnes Banking Company,Kaysville,UT,1252,No Acquirer,"January 15, 2010","February 1, 2019"
360,St. Stephen State Bank,St. Stephen,MN,17522,First State Bank of St. Joseph,"January 15, 2010","August 8, 2016"
361,Town Community Bank & Trust,Antioch,IL,34705,First American Bank,"January 15, 2010","February 1, 2019"
362,Horizon Bank,Bellingham,WA,22977,Washington Federal Savings and Loan Association,"January 8, 2010","February 1, 2019"
363,"First Federal Bank of California, F.S.B.",Santa Monica,CA,28536,"OneWest Bank, FSB","December 18, 2009","February 1, 2019"
364,Imperial Capital Bank,La Jolla,CA,26348,City National Bank,"December 18, 2009","February 1, 2019"
365,Independent Bankers' Bank,Springfield,IL,26820,The Independent BankersBank (TIB),"December 18, 2009","February 1, 2019"
366,New South Federal Savings Bank,Irondale,AL,32276,Beal Bank,"December 18, 2009","February 1, 2019"
367,Citizens State Bank,New Baltimore,MI,1006,No Acquirer,"December 18, 2009","February 1, 2019"
368,Peoples First Community Bank,Panama City,FL,32167,Hancock Bank,"December 18, 2009","October 15, 2018"
369,RockBridge Commercial Bank,Atlanta,GA,58315,No Acquirer,"December 18, 2009","February 1, 2019"
370,SolutionsBank,Overland Park,KS,4731,Arvest Bank,"December 11, 2009","January 3, 2018"
371,"Valley Capital Bank, N.A.",Mesa,AZ,58399,Enterprise Bank & Trust,"December 11, 2009","October 20, 2016"
372,"Republic Federal Bank, N.A.",Miami,FL,22846,1st United Bank,"December 11, 2009","February 1, 2019"
373,Greater Atlantic Bank,Reston,VA,32583,Sonabank,"December 4, 2009","February 1, 2019"
374,Benchmark Bank,Aurora,IL,10440,"MB Financial Bank, N.A.","December 4, 2009","February 1, 2019"
375,AmTrust Bank,Cleveland,OH,29776,New York Community Bank,"December 4, 2009","February 1, 2019"
376,The Tattnall Bank,Reidsville,GA,12080,Heritage Bank of the South,"December 4, 2009","March 21, 2014"
377,First Security National Bank,Norcross,GA,26290,State Bank and Trust Company,"December 4, 2009","October 17, 2015"
378,The Buckhead Community Bank,Atlanta,GA,34663,State Bank and Trust Company,"December 4, 2009","February 1, 2019"
379,Commerce Bank of Southwest Florida,Fort Myers,FL,58016,Central Bank,"November 20, 2009","December 21, 2017"
380,Pacific Coast National Bank,San Clemente,CA,57914,Sunwest Bank,"November 13, 2009","April 10, 2017"
381,Orion Bank,Naples,FL,22427,IBERIABANK,"November 13, 2009","February 1, 2019"
382,"Century Bank, F.S.B.",Sarasota,FL,32267,IBERIABANK,"November 13, 2009","February 1, 2019"
383,United Commercial Bank,San Francisco,CA,32469,East West Bank,"November 6, 2009","February 1, 2019"
384,Gateway Bank of St. Louis,St. Louis,MO,19450,Central Bank of Kansas City,"November 6, 2009","August 22, 2012"
385,Prosperan Bank,Oakdale,MN,35074,"Alerus Financial, N.A.","November 6, 2009","February 1, 2019"
386,Home Federal Savings Bank,Detroit,MI,30329,Liberty Bank and Trust Company,"November 6, 2009","February 1, 2019"
387,United Security Bank,Sparta,GA,22286,Ameris Bank,"November 6, 2009","February 1, 2019"
388,North Houston Bank,Houston,TX,18776,U.S. Bank N.A.,"October 30, 2009","February 1, 2019"
389,Madisonville State Bank,Madisonville,TX,33782,U.S. Bank N.A.,"October 30, 2009","April 9, 2019"
390,Citizens National Bank,Teague,TX,25222,U.S. Bank N.A.,"October 30, 2009","February 1, 2019"
391,Park National Bank,Chicago,IL,11677,U.S. Bank N.A.,"October 30, 2009","February 1, 2019"
392,Pacific National Bank,San Francisco,CA,30006,U.S. Bank N.A.,"October 30, 2009","February 1, 2019"
393,California National Bank,Los Angeles,CA,34659,U.S. Bank N.A.,"October 30, 2009","February 1, 2019"
394,San Diego National Bank,San Diego,CA,23594,U.S. Bank N.A.,"October 30, 2009","February 1, 2019"
395,Community Bank of Lemont,Lemont,IL,35291,U.S. Bank N.A.,"October 30, 2009","February 1, 2019"
396,"Bank USA, N.A.",Phoenix,AZ,32218,U.S. Bank N.A.,"October 30, 2009","February 1, 2019"
397,First DuPage Bank,Westmont,IL,35038,First Midwest Bank,"October 23, 2009","February 1, 2019"
398,Riverview Community Bank,Otsego,MN,57525,Central Bank,"October 23, 2009","December 21, 2017"
399,Bank of Elmwood,Racine,WI,18321,Tri City National Bank,"October 23, 2009","August 22, 2012"
400,Flagship National Bank,Bradenton,FL,35044,First Federal Bank of Florida,"October 23, 2009","February 5, 2015"
401,Hillcrest Bank Florida,Naples,FL,58336,Stonegate Bank,"October 23, 2009","February 1, 2019"
402,American United Bank,Lawrenceville,GA,57794,Ameris Bank,"October 23, 2009","July 16, 2018"
403,Partners Bank,Naples,FL,57959,Stonegate Bank,"October 23, 2009","February 5, 2015"
404,San Joaquin Bank,Bakersfield,CA,23266,Citizens Business Bank,"October 16, 2009","February 1, 2019"
405,Southern Colorado National Bank,Pueblo,CO,57263,Legacy Bank,"October 2, 2009","December 12, 2016"
406,Jennings State Bank,Spring Grove,MN,11416,Central Bank,"October 2, 2009","November 15, 2017"
407,Warren Bank,Warren,MI,34824,The Huntington National Bank,"October 2, 2009","February 1, 2019"
408,Georgian Bank,Atlanta,GA,57151,"First Citizens Bank and Trust Company, Inc.","September 25, 2009","February 1, 2019"
409,"Irwin Union Bank, F.S.B.",Louisville,KY,57068,"First Financial Bank, N.A.","September 18, 2009","February 1, 2019"
410,Irwin Union Bank and Trust Company,Columbus,IN,10100,"First Financial Bank, N.A.","September 18, 2009","February 1, 2019"
411,Venture Bank,Lacey,WA,22868,First-Citizens Bank & Trust Company,"September 11, 2009","February 1, 2019"
412,Brickwell Community Bank,Woodbury,MN,57736,CorTrust Bank N.A.,"September 11, 2009","October 20, 2016"
413,"Corus Bank, N.A.",Chicago,IL,13693,"MB Financial Bank, N.A.","September 11, 2009","February 1, 2019"
414,First State Bank,Flagstaff,AZ,34875,Sunwest Bank,"September 4, 2009","February 5, 2015"
415,Platinum Community Bank,Rolling Meadows,IL,35030,No Acquirer,"September 4, 2009","February 1, 2019"
416,Vantus Bank,Sioux City,IA,27732,Great Southern Bank,"September 4, 2009","February 1, 2019"
417,InBank,Oak Forest,IL,20203,"MB Financial Bank, N.A.","September 4, 2009","October 17, 2015"
418,First Bank of Kansas City,Kansas City,MO,25231,Great American Bank,"September 4, 2009","August 21, 2012"
419,Affinity Bank,Ventura,CA,27197,Pacific Western Bank,"August 28, 2009","February 1, 2019"
420,Mainstreet Bank,Forest Lake,MN,1909,Central Bank,"August 28, 2009","February 21, 2018"
421,Bradford Bank,Baltimore,MD,28312,Manufacturers and Traders Trust Company (M&T Bank),"August 28, 2009","February 1, 2019"
422,Guaranty Bank,Austin,TX,32618,BBVA Compass,"August 21, 2009","February 1, 2019"
423,CapitalSouth Bank,Birmingham,AL,22130,IBERIABANK,"August 21, 2009","February 20, 2018"
424,First Coweta Bank,Newnan,GA,57702,United Bank,"August 21, 2009","December 7, 2015"
425,ebank,Atlanta,GA,34682,"Stearns Bank, N.A.","August 21, 2009","February 1, 2019"
426,Community Bank of Nevada,Las Vegas,NV,34043,No Acquirer,"August 14, 2009","February 1, 2019"
427,Community Bank of Arizona,Phoenix,AZ,57645,MidFirst Bank,"August 14, 2009","February 1, 2019"
428,"Union Bank, National Association",Gilbert,AZ,34485,MidFirst Bank,"August 14, 2009","February 1, 2019"
429,Colonial Bank,Montgomery,AL,9609,"Branch Banking & Trust Company, (BB&T)","August 14, 2009","February 1, 2019"
430,Dwelling House Savings and Loan Association,Pittsburgh,PA,31559,"PNC Bank, N.A.","August 14, 2009","February 1, 2019"
431,Community First Bank,Prineville,OR,23268,Home Federal Bank,"August 7, 2009","June 6, 2018"
432,Community National Bank of Sarasota County,Venice,FL,27183,"Stearns Bank, N.A.","August 7, 2009","February 1, 2019"
433,First State Bank,Sarasota,FL,27364,"Stearns Bank, N.A.","August 7, 2009","February 1, 2019"
434,Mutual Bank,Harvey,IL,18659,United Central Bank,"July 31, 2009","February 1, 2019"
435,First BankAmericano,Elizabeth,NJ,34270,Crown Bank,"July 31, 2009","February 1, 2019"
436,Peoples Community Bank,West Chester,OH,32288,"First Financial Bank, N.A.","July 31, 2009","September 10, 2018"
437,Integrity Bank,Jupiter,FL,57604,Stonegate Bank,"July 31, 2009","January 31, 2019"
438,First State Bank of Altus,Altus,OK,9873,Herring Bank,"July 31, 2009","February 1, 2019"
439,Security Bank of Jones County,Gray,GA,8486,State Bank and Trust Company,"July 24, 2009","August 20, 2012"
440,Security Bank of Houston County,Perry,GA,27048,State Bank and Trust Company,"July 24, 2009","October 17, 2015"
441,Security Bank of Bibb County,Macon,GA,27367,State Bank and Trust Company,"July 24, 2009","January 31, 2019"
442,Security Bank of North Metro,Woodstock,GA,57105,State Bank and Trust Company,"July 24, 2009","January 6, 2016"
443,Security Bank of North Fulton,Alpharetta,GA,57430,State Bank and Trust Company,"July 24, 2009","August 20, 2012"
444,Security Bank of Gwinnett County,Suwanee,GA,57346,State Bank and Trust Company,"July 24, 2009","October 23, 2017"
445,Waterford Village Bank,Williamsville,NY,58065,"Evans Bank, N.A.","July 24, 2009","November 1, 2013"
446,Temecula Valley Bank,Temecula,CA,34341,First-Citizens Bank & Trust Company,"July 17, 2009","October 20, 2016"
447,Vineyard Bank,Rancho Cucamonga,CA,23556,California Bank & Trust,"July 17, 2009","September 14, 2018"
448,BankFirst,Sioux Falls,SD,34103,"Alerus Financial, N.A.","July 17, 2009","July 15, 2018"
449,First Piedmont Bank,Winder,GA,34594,First American Bank and Trust Company,"July 17, 2009","August 8, 2016"
450,Bank of Wyoming,Thermopolis,WY,22754,Central Bank & Trust,"July 10, 2009","July 12, 2018"
451,Founders Bank,Worth,IL,18390,The PrivateBank and Trust Company,"July 2, 2009","January 31, 2019"
452,Millennium State Bank of Texas,Dallas,TX,57667,State Bank of Texas,"July 2, 2009","October 26, 2012"
453,First National Bank of Danville,Danville,IL,3644,"First Financial Bank, N.A.","July 2, 2009","February 1, 2019"
454,The Elizabeth State Bank,Elizabeth,IL,9262,Galena State Bank and Trust Company,"July 2, 2009","May 10, 2018"
455,Rock River Bank,Oregon,IL,15302,The Harvard State Bank,"July 2, 2009","May 9, 2018"
456,First State Bank of Winchester,Winchester,IL,11710,The First National Bank of Beardstown,"July 2, 2009","February 1, 2019"
457,John Warner Bank,Clinton,IL,12093,State Bank of Lincoln,"July 2, 2009","August 20, 2012"
458,Mirae Bank,Los Angeles,CA,57332,Wilshire State Bank,"June 26, 2009","February 21, 2018"
459,MetroPacific Bank,Irvine,CA,57893,Sunwest Bank,"June 26, 2009","February 5, 2015"
460,Horizon Bank,Pine City,MN,9744,"Stearns Bank, N.A.","June 26, 2009","February 5, 2015"
461,Neighborhood Community Bank,Newnan,GA,35285,CharterBank,"June 26, 2009","December 7, 2015"
462,Community Bank of West Georgia,Villa Rica,GA,57436,No Acquirer,"June 26, 2009","January 31, 2019"
463,First National Bank of Anthony,Anthony,KS,4614,Bank of Kansas,"June 19, 2009","September 21, 2015"
464,Cooperative Bank,Wilmington,NC,27837,First Bank,"June 19, 2009","March 12, 2018"
465,Southern Community Bank,Fayetteville,GA,35251,United Community Bank,"June 19, 2009","September 21, 2015"
466,Bank of Lincolnwood,Lincolnwood,IL,17309,Republic Bank of Chicago,"June 5, 2009","January 31, 2019"
467,Citizens National Bank,Macomb,IL,5757,Morton Community Bank,"May 22, 2009","February 1, 2019"
468,Strategic Capital Bank,Champaign,IL,35175,Midland States Bank,"May 22, 2009","February 1, 2019"
469,"BankUnited, FSB",Coral Gables,FL,32247,BankUnited,"May 21, 2009","February 1, 2019"
470,Westsound Bank,Bremerton,WA,34843,Kitsap Bank,"May 8, 2009","February 1, 2019"
471,America West Bank,Layton,UT,35461,Cache Valley Bank,"May 1, 2009","February 1, 2019"
472,Citizens Community Bank,Ridgewood,NJ,57563,North Jersey Community Bank,"May 1, 2009","February 1, 2019"
473,"Silverton Bank, NA",Atlanta,GA,26535,No Acquirer,"May 1, 2009","February 1, 2019"
474,First Bank of Idaho,Ketchum,ID,34396,"U.S. Bank, N.A.","April 24, 2009","February 1, 2019"
475,First Bank of Beverly Hills,Calabasas,CA,32069,No Acquirer,"April 24, 2009","January 31, 2019"
476,Michigan Heritage Bank,Farmington Hills,MI,34369,Level One Bank,"April 24, 2009","January 31, 2019"
477,American Southern Bank,Kennesaw,GA,57943,Bank of North Georgia,"April 24, 2009","February 1, 2019"
478,Great Basin Bank of Nevada,Elko,NV,33824,Nevada State Bank,"April 17, 2009","July 10, 2018"
479,American Sterling Bank,Sugar Creek,MO,8266,Metcalf Bank,"April 17, 2009","February 1, 2019"
480,New Frontier Bank,Greeley,CO,34881,No Acquirer,"April 10, 2009","January 31, 2019"
481,Cape Fear Bank,Wilmington,NC,34639,First Federal Savings and Loan Association,"April 10, 2009","April 10, 2017"
482,Omni National Bank,Atlanta,GA,22238,No Acquirer,"March 27, 2009","January 31, 2019"
483,"TeamBank, NA",Paola,KS,4754,Great Southern Bank,"March 20, 2009","September 12, 2016"
484,Colorado National Bank,Colorado Springs,CO,18896,Herring Bank,"March 20, 2009","December 12, 2016"
485,FirstCity Bank,Stockbridge,GA,18243,No Acquirer,"March 20, 2009","February 1, 2019"
486,Freedom Bank of Georgia,Commerce,GA,57558,Northeast Georgia Bank,"March 6, 2009","January 31, 2019"
487,Security Savings Bank,Henderson,NV,34820,Bank of Nevada,"February 27, 2009","September 7, 2012"
488,Heritage Community Bank,Glenwood,IL,20078,"MB Financial Bank, N.A.","February 27, 2009","February 1, 2019"
489,Silver Falls Bank,Silverton,OR,35399,Citizens Bank,"February 20, 2009","February 1, 2019"
490,Pinnacle Bank of Oregon,Beaverton,OR,57342,Washington Trust Bank of Spokane,"February 13, 2009","December 7, 2015"
491,Corn Belt Bank & Trust Co.,Pittsfield,IL,16500,The Carlinville National Bank,"February 13, 2009","February 1, 2019"
492,Riverside Bank of the Gulf Coast,Cape Coral,FL,34563,TIB Bank,"February 13, 2009","January 31, 2019"
493,Sherman County Bank,Loup City,NE,5431,Heritage Bank,"February 13, 2009","August 17, 2012"
494,County Bank,Merced,CA,22574,Westamerica Bank,"February 6, 2009","February 1, 2019"
495,Alliance Bank,Culver City,CA,23124,California Bank & Trust,"February 6, 2009","August 8, 2018"
496,FirstBank Financial Services,McDonough,GA,57017,Regions Bank,"February 6, 2009","February 1, 2019"
497,Ocala National Bank,Ocala,FL,26538,"CenterState Bank of Florida, N.A.","January 30, 2009","January 31, 2019"
498,Suburban FSB,Crofton,MD,30763,Bank of Essex,"January 30, 2009","February 4, 2016"
499,MagnetBank,Salt Lake City,UT,58001,No Acquirer,"January 30, 2009","January 31, 2019"
500,1st Centennial Bank,Redlands,CA,33025,First California Bank,"January 23, 2009","February 1, 2019"
501,Bank of Clark County,Vancouver,WA,34959,Umpqua Bank,"January 16, 2009","January 31, 2019"
502,National Bank of Commerce,Berkeley,IL,19733,Republic Bank of Chicago,"January 16, 2009","March 12, 2018"
503,Sanderson State Bank  En Espanol,Sanderson,TX,11568,The Pecos County State Bank,"December 12, 2008","January 31, 2019"
504,Haven Trust Bank,Duluth,GA,35379,"Branch Banking & Trust Company, (BB&T)","December 12, 2008","February 1, 2019"
505,First Georgia Community Bank,Jackson,GA,34301,United Bank,"December 5, 2008","January 31, 2019"
506,PFF Bank & Trust,Pomona,CA,28344,"U.S. Bank, N.A.","November 21, 2008","January 31, 2019"
507,Downey Savings & Loan,Newport Beach,CA,30968,"U.S. Bank, N.A.","November 21, 2008","February 1, 2019"
508,Community Bank,Loganville,GA,16490,Bank of Essex,"November 21, 2008","January 31, 2019"
509,Security Pacific Bank,Los Angeles,CA,23595,Pacific Western Bank,"November 7, 2008","February 1, 2019"
510,"Franklin Bank, SSB",Houston,TX,26870,Prosperity Bank,"November 7, 2008","January 31, 2019"
511,Freedom Bank,Bradenton,FL,57930,Fifth Third Bank,"October 31, 2008","January 31, 2019"
512,Alpha Bank & Trust,Alpharetta,GA,58241,"Stearns Bank, N.A.","October 24, 2008","February 1, 2019"
513,Meridian Bank,Eldred,IL,13789,National Bank,"October 10, 2008","May 31, 2012"
514,Main Street Bank,Northville,MI,57654,Monroe Bank & Trust,"October 10, 2008","August 1, 2013"
515,Washington Mutual Bank  (Including its subsidiary Washington Mutual Bank FSB),Henderson,NV,32633,JP Morgan Chase Bank,"September 25, 2008","April 15, 2019"
516,Ameribank,Northfork,WV,6782,"The Citizens Savings Bank  Pioneer Community Bank, Inc.","September 19, 2008","September 21, 2015"
517,Silver State Bank  En Espanol,Henderson,NV,34194,Nevada State Bank,"September 5, 2008","February 1, 2019"
518,Integrity Bank,Alpharetta,GA,35469,Regions Bank,"August 29, 2008","January 31, 2019"
519,Columbian Bank & Trust,Topeka,KS,22728,Citizens Bank & Trust,"August 22, 2008","January 31, 2019"
520,First Priority Bank,Bradenton,FL,57523,SunTrust Bank,"August 1, 2008","December 12, 2016"
521,"First Heritage Bank, NA",Newport Beach,CA,57961,Mutual of Omaha Bank,"July 25, 2008","September 12, 2016"
522,First National Bank of Nevada,Reno,NV,27011,Mutual of Omaha Bank,"July 25, 2008","January 31, 2019"
523,IndyMac Bank,Pasadena,CA,29730,"OneWest Bank, FSB","July 11, 2008","February 1, 2019"
524,"First Integrity Bank, NA",Staples,MN,12736,First International Bank and Trust,"May 30, 2008","October 20, 2016"
525,"ANB Financial, NA",Bentonville,AR,33901,Pulaski Bank and Trust Company,"May 9, 2008","February 1, 2019"
526,Hume Bank,Hume,MO,1971,Security Bank,"March 7, 2008","January 31, 2019"
527,Douglass National Bank,Kansas City,MO,24660,Liberty Bank and Trust Company,"January 25, 2008","October 26, 2012"
528,Miami Valley Bank,Lakeview,OH,16848,The Citizens Banking Company,"October 4, 2007","September 12, 2016"
529,NetBank,Alpharetta,GA,32575,ING DIRECT,"September 28, 2007","January 31, 2019"
530,Metropolitan Savings Bank,Pittsburgh,PA,35353,Allegheny Valley Bank of Pittsburgh,"February 2, 2007","October 27, 2010"
531,Bank of Ephraim,Ephraim,UT,1249,Far West Bank,"June 25, 2004","April 9, 2008"
532,Reliance Bank,White Plains,NY,26778,Union State Bank,"March 19, 2004","April 9, 2008"
533,Guaranty National Bank of Tallahassee,Tallahassee,FL,26838,Hancock Bank of Florida,"March 12, 2004","April 17, 2018"
534,Dollar Savings Bank,Newark,NJ,31330,No Acquirer,"February 14, 2004","April 9, 2008"
535,Pulaski Savings Bank,Philadelphia,PA,27203,Earthstar Bank,"November 14, 2003","October 6, 2017"
536,First National Bank of Blanchardville,Blanchardville,WI,11639,The Park Bank,"May 9, 2003","June 5, 2012"
537,Southern Pacific Bank,Torrance,CA,27094,Beal Bank,"February 7, 2003","October 20, 2008"
538,Farmers Bank of Cheneyville,Cheneyville,LA,16445,Sabine State Bank & Trust,"December 17, 2002","October 20, 2004"
539,Bank of Alamo,Alamo,TN,9961,No Acquirer,"November 8, 2002","March 18, 2005"
540,AmTrade International Bank  En Espanol,Atlanta,GA,33784,No Acquirer,"September 30, 2002","September 11, 2006"
541,Universal Federal Savings Bank,Chicago,IL,29355,Chicago Community Bank,"June 27, 2002","October 6, 2017"
542,Connecticut Bank of Commerce,Stamford,CT,19183,Hudson United Bank,"June 26, 2002","February 14, 2012"
543,New Century Bank,Shelby Township,MI,34979,No Acquirer,"March 28, 2002","March 18, 2005"
544,Net 1st National Bank,Boca Raton,FL,26652,Bank Leumi USA,"March 1, 2002","April 9, 2008"
545,"NextBank, NA",Phoenix,AZ,22314,No Acquirer,"February 7, 2002","February 5, 2015"
546,Oakwood Deposit Bank Co.,Oakwood,OH,8966,The State Bank & Trust Company,"February 1, 2002","October 25, 2012"
547,Bank of Sierra Blanca,Sierra Blanca,TX,22002,The Security State Bank of Pecos,"January 18, 2002","November 6, 2003"
548,"Hamilton Bank, NA  En Espanol",Miami,FL,24382,Israel Discount Bank of New York,"January 11, 2002","September 21, 2015"
549,Sinclair National Bank,Gravette,AR,34248,Delta Trust & Bank,"September 7, 2001","October 6, 2017"
550,"Superior Bank, FSB",Hinsdale,IL,32646,"Superior Federal, FSB","July 27, 2001","August 19, 2014"
551,Malta National Bank,Malta,OH,6629,North Valley Bank,"May 3, 2001","November 18, 2002"
552,First Alliance Bank & Trust Co.,Manchester,NH,34264,Southern New Hampshire Bank & Trust,"February 2, 2001","February 18, 2003"
553,National State Bank of Metropolis,Metropolis,IL,3815,Banterra Bank of Marion,"December 14, 2000","March 17, 2005"
554,Bank of Honolulu,Honolulu,HI,21029,Bank of the Orient,"October 13, 2000","March 17, 2005"
